"","p_value","odds ratio","exp"
"allgenes_up","2.72400615877773e-45","2.49977909436992","UP"
"allgenes_down","1.53935603003388e-33","2.17840926488682","DOWN"
