"","p_value","odds ratio","exp"
"go_genes_up","2.39938021615306e-43","2.445989230776","UP"
"go_genes_down","1.97907395008217e-32","2.15118231610074","DOWN"
