"","p_value","odds ratio","exp"
"kegg_genes_up","8.12441531522582e-13","1.83610905614987","UP"
"kegg_genes_down","2.80592797046876e-15","1.9395247437874","DOWN"
