"","pathway","p_value","adj_pvalue","odds.ratio","exp"
"1","GOBP_MEMBRANE_INVAGINATION","0.000102470466645594",0.00524334267975595,"3.68391319317224","UP"
"2","GOBP_REGULATION_OF_MICROVILLUS_ASSEMBLY","0.000104258918583363",0.00524334267975595,"36.1915117858804","DOWN"
"3","GOBP_ALDITOL_METABOLIC_PROCESS","0.000105125104637798",0.00524334267975595,"10.8778492312116","DOWN"
