"","pathway","p_value","adj_pvalue","odds.ratio","exp"
"1","HALLMARK_ESTROGEN_RESPONSE_LATE","0.000110691225266145",0.00210313328005675,"2.66453021541904","DOWN"
"2","HALLMARK_GLYCOLYSIS","0.000485664160962442",0.00381058666177843,"2.57160119317108","DOWN"
"3","HALLMARK_OXIDATIVE_PHOSPHORYLATION","0.000601671578175542",0.00381058666177843,"0","UP"
